ticket_id,stratum,my_symptom,my_action
TK-246180,pulse2,other,none
TK-249857,pulse2,other,none
TK-245981,pulse2,other,refund
TK-250236,pulse2,one-side-not-charging,replacement_of_faulty_unit
TK-247963,pulse2,one-side-not-charging,none
TK-243815,pulse2,other,none
TK-247069,pulse2,mic,replacement_of_faulty_unit
TK-246818,pulse2,other,refund
TK-250406,pulse2,other,none
TK-249264,pulse2,other,replacement_of_faulty_unit
TK-243539,pulse2,other,refund
TK-248427,pulse2,other,refund
TK-252346,pulse2,one-side-not-charging,replacement_of_faulty_unit
TK-249143,pulse2,connectivity,replacement_of_faulty_unit
TK-243801,pulse2,other,refund
TK-248938,pulse2,one-side-not-charging,replacement_of_faulty_unit
TK-243618,pulse2,one-side-not-charging,none
TK-250947,pulse2,other,none
TK-251934,pulse2,other,replacement_of_faulty_unit
TK-249535,pulse2,other,none
TK-241250,other,,none
TK-240919,other,,none
TK-241570,other,,refund
TK-241493,other,,replacement_of_faulty_unit
TK-246050,other,,none
TK-242897,other,,none
TK-240289,other,,refund
TK-244302,other,,refund
TK-245086,other,,none
TK-244943,other,,none
TK-251002,other,,replacement_of_faulty_unit
TK-246979,other,,none
TK-242549,other,,refund
TK-246470,other,,none
TK-243054,other,,none
TK-252681,other,,refund
TK-250351,other,,refund
TK-245256,other,,none
TK-243252,other,,none
TK-240076,other,,none
